08D6BN0Y,080YD6BN,0,C:/Users/nishant/Documents/scalable/mutli_tts/showdown/test_audios/08D6BN0Y.mp3
160O1JF0,160O1JF0,0,C:/Users/nishant/Documents/scalable/mutli_tts/showdown/test_audios/160O1JF0.mp3
6L7ENTLK,6L7ENTLK,0,C:/Users/nishant/Documents/scalable/mutli_tts/showdown/test_audios/6L7ENTLK.mp3
A6G8TE3U,A6G8TE3U,0,C:/Users/nishant/Documents/scalable/mutli_tts/showdown/test_audios/A6G8TE3U.mp3
AS50NOYY,AS50NOYY,0,C:/Users/nishant/Documents/scalable/mutli_tts/showdown/test_audios/AS50NOYY.mp3
AYB5ZC8R,AYB5ZC8R,0,C:/Users/nishant/Documents/scalable/mutli_tts/showdown/test_audios/AYB5ZC8R.mp3
BWNL2FH3,BWNL2FH3,0,C:/Users/nishant/Documents/scalable/mutli_tts/showdown/test_audios/BWNL2FH3.mp3
CJ394LGK,CJ394LGK,0,C:/Users/nishant/Documents/scalable/mutli_tts/showdown/test_audios/CJ394LGK.mp3
DV3RC02B,DV3RC02B,0,C:/Users/nishant/Documents/scalable/mutli_tts/showdown/test_audios/DV3RC02B.mp3
EHNG7FN7,EHNG7FN7,0,C:/Users/nishant/Documents/scalable/mutli_tts/showdown/test_audios/EHNG7FN7.mp3
F09GILTS,F09GILTS,0,C:/Users/nishant/Documents/scalable/mutli_tts/showdown/test_audios/F09GILTS.mp3
F8ITWE5B,F8ITWE5B,0,C:/Users/nishant/Documents/scalable/mutli_tts/showdown/test_audios/F8ITWE5B.mp3
FL7J9OWY,FL7J9OWY,0,C:/Users/nishant/Documents/scalable/mutli_tts/showdown/test_audios/FL7J9OWY.mp3
GDON2F45,GDON2L45,0,C:/Users/nishant/Documents/scalable/mutli_tts/showdown/test_audios/GDON2F45.mp3
JWHL5CIP,JWHL5CIP,0,C:/Users/nishant/Documents/scalable/mutli_tts/showdown/test_audios/JWHL5CIP.mp3
L14JTHTJ,L14JTHTJ,0,C:/Users/nishant/Documents/scalable/mutli_tts/showdown/test_audios/L14JTHTJ.mp3
LKGWKRCG,LKGWKRCG,0,C:/Users/nishant/Documents/scalable/mutli_tts/showdown/test_audios/LKGWKRCG.mp3
NFSDG6FI,NFSDG6FI,0,C:/Users/nishant/Documents/scalable/mutli_tts/showdown/test_audios/NFSDG6FI.mp3
R71MZHGH,R71MZHGH,0,C:/Users/nishant/Documents/scalable/mutli_tts/showdown/test_audios/R71MZHGH.mp3
SWZ9X0OD,SWZ9X0OD,0,C:/Users/nishant/Documents/scalable/mutli_tts/showdown/test_audios/SWZ9X0OD.mp3
UJ8VOQ4E,UJ8VOQ4E,0,C:/Users/nishant/Documents/scalable/mutli_tts/showdown/test_audios/UJ8VOQ4E.mp3
VI1BP5DU,VI1BP5DU,0,C:/Users/nishant/Documents/scalable/mutli_tts/showdown/test_audios/VI1BP5DU.mp3
W1MIIPWT,W1MIIPWT,0,C:/Users/nishant/Documents/scalable/mutli_tts/showdown/test_audios/W1MIIPWT.mp3
